{
    "loss": 0.1312457025051117,
    "accuracy": 0.9215686321258545
}